Username,Comment
-,"We have decided to give an opportunity to interesting artists and show their work to our fanbase. If you are also interested in broadcasting your video through our channel, contact us at email hello@fckthem.com"
@minnieclay,This shit go crazy 
@malachifreeman1549,AYEEEE THIS IS SOME REAL HEAT
@erikg594,My voice when I eat spicy taco
@MikeEzeOfficial,-
@ocitygang8068,This go crazy 
@bigmannick2,Ayee this bump 
@cearamitchell4879,This shit is lit 
@Ty-mr5dv,underrated af
@Mikebromley43,Yes bro this is it
@cearamitchell4879,Finna make beetle juice outta this bitch 
@lajotanegron112,YUPPPP THATA MY BRO GET WITH IT GRRR POWWW 
@seriousjokes4769,we ain't doing this shit on the internet ️️️️️
@nadiyahs2788,"MTS - my son

what am i going to do with ya "
@briank8335,Sick
@lucasguimaraes54,Primeiro show
@Ty-mr5dv,-
@_lacika_5719,My hood
@airforce_lord,fireeeeeeeeeeee
@xray_4390,Early
@mauricetann9768,Other people music
